-- MySQL Script generated by MySQL Workbench
-- lun 11 jun 2018 20:50:59 CDT
-- Model: New Model    Version: 1.0
-- MySQL Workbench Forward Engineering

SET @OLD_UNIQUE_CHECKS=@@UNIQUE_CHECKS, UNIQUE_CHECKS=0;
SET @OLD_FOREIGN_KEY_CHECKS=@@FOREIGN_KEY_CHECKS, FOREIGN_KEY_CHECKS=0;
SET @OLD_SQL_MODE=@@SQL_MODE, SQL_MODE='TRADITIONAL,ALLOW_INVALID_DATES';

-- -----------------------------------------------------
-- Schema metodologias
-- -----------------------------------------------------
CREATE SCHEMA IF NOT EXISTS `metodologias` DEFAULT CHARACTER SET utf8 ;
USE `metodologias` ;


--
-- Database: `metodologias`
--

-- --------------------------------------------------------

--
-- Table structure for table `categorias`
--

CREATE TABLE `categorias` (
  `idcategoria` int(11) NOT NULL,
  `nombre` varchar(255) NOT NULL,
  `descripcion` varchar(255) NOT NULL,
  `pregunta` varchar(255) NOT NULL
) ENGINE=InnoDB DEFAULT CHARSET=utf8;

--
-- Dumping data for table `categorias`
--

INSERT INTO `categorias` (`idcategoria`, `nombre`, `descripcion`, `pregunta`) VALUES
(1, 'TIEMPO', 'TIEMPO DE DURACION TOTAL DEL PROYECTO', '¿QUE DURACION TIENE EL CICLO DE VIDA DEL PROYECTO?'),
(2, 'RIESGOS', 'RIESGOS Y OPORTUNIDADES DEL PROYECTO', '¿EL PROYECTO ES DE ALTO RIESGO?'),
(3, 'CAMBIOS', 'CAMBIOS EN LOS REQUERIMIENTOS DEL PROYECTO', '¿LOS REQUERIMIENTOS SON PROPENSOS A CAMBIAR EN EL DESARROLLO DEL PROYECTO?'),
(4, 'OBJETOS', 'DESARROLLO DEL PROYECTO ORIENTADO A OBJETOS', '¿EL PROYECTO UTILIZA UN LENGUAJE ORIENTADO A OBJETOS?'),
(5, 'MOVILES', 'DESARROLLO DE PROYECTOS DE MOVILES', '¿EL PROYECTO ES UN DESARROLLO DE MOVILES?'),
(6, 'ITERATIVO/INCREMENTAL', 'MODELO DE DESARROLLO ITERATIVO / INCREMENTAL', '¿EL PROYECTO ES UN DESARROLLO DE SOFTWARE ITERATIVO Y/O INCREMENTAL?'),
(7, 'DOCUMENTACION', 'DOCUMENTACION PARA METRICAS DE EVALUACION Y EVOLUCION', '¿EL OBJETIVO SECUNDARIO DEL PROYECTO ES LA OBTENCION DE METRICAS PARA LA TOMA DE DESICIONES?'),
(8, 'TECNICA', 'PRACTICAS TECNICAS EN EL DESARROLLO DEL PROYECTO', '¿SE TOMA EN CUENTA LA PARTE TECNICA EN EL DESARROLLO DEL PROYECTO?'),
(9, 'ADMINISTRACION', 'ADMINISTRACION DEL PROYECTO DE SOFTWARE', '¿LA ADMINISTRACION DEL PROYECTO ES PARTE FUNDAMENTAL DEL DESARROLLO DEL SISTEMA?'),
(13, 'COMPLEJIDAD', 'NIVELES DE COMPLEJIDAD DEL PROYECTO DE SOFTWARE', '¿QUE NIVEL DEL COMPLEJIDAD POSEE SU PROYECTO DE SOFTWARE?'),
(14, 'INTERFAZ', 'INTERFAZ DE USUARIO DEL SISTEMA', '¿ES IMPORTANTE QUE LA INTEFAZ DE USUARIO SEA PARTE MEDULAR DE LA METODOLOGIA?'),
(15, 'CICLO', 'CICLO DE VIDA DEL PROYECTO DE SOFTWARE', '¿QUE NIVELES DEL CICLO DE VIDA DE SOFTWARE SON LOS QUE DEBERIA CUBRIR LA METODOLOGIA?');

-- --------------------------------------------------------

--
-- Table structure for table `criterios`
--

CREATE TABLE `criterios` (
  `idcriterio` int(11) NOT NULL,
  `nombre` varchar(255) NOT NULL,
  `descripcion` varchar(255) NOT NULL,
  `idcategoria` int(11) NOT NULL
) ENGINE=InnoDB DEFAULT CHARSET=utf8;

--
-- Dumping data for table `criterios`
--

INSERT INTO `criterios` (`idcriterio`, `nombre`, `descripcion`, `idcategoria`) VALUES
(1, 'MAYOR A 60 DIAS', 'TIEMPO DE DURACION DEL CICLO DE VIDA MAYOR A 60 DIAS', 1),
(2, 'MENOR A 60 DIAS', 'TIEMPO DE DURACION DEL CICLO DE VIDA MENOR A 60 DIAS', 1),
(3, 'SI ES DE ALTO RESGO', 'SI PERTENECE A UN PROYECTO DE ALTO RIESGO', 2),
(4, 'NO ES DE ALTO RIESGO', 'NO PERTENECE A UN PROYECTO DE ALTO RIESGO', 2),
(5, 'SI CAMBIAN LOS REQUERIMIENTOS', 'SI CAMBIAN LOS REQUERIMIENTOS EN EL CICLO DE VIDA DEL SOFTWARE', 3),
(6, 'NO CAMBIAN LOS REQUERIMIENTOS', 'NO CAMBIAN LOS REQUERIMIENTOS EN EL CICLO DE VIDA DEL SOFTWARE', 3),
(7, 'SI ES ORIENTADO A OBJETOS', 'SI ES UN LENGUAJE ORIENTADO A OBJETOS', 4),
(8, 'NO ES ORIENTADO A OBJETOS', 'NO ES UN LENGUAJE ORIENTADO A OBJETOS', 4),
(9, 'SI ES ITERATIVO/INCREMENTAL', 'SI ES UN DESARROLLO ITERATIVO Y/O INCREMENTAL', 6),
(10, 'NO ES ITERATIVO/INCREMENTAL', 'NO ES UN DESARROLLO ITERATIVO Y/O INCREMENTAL', 6),
(11, 'SI ES UN DESARROLLO PARA MOVILES', 'SI ES UN PROYECTO DE DESARROLLO ENFOCADO EN DISPOSITIVOS MOVILES', 5),
(12, 'NO ES UN DESARROLLO PARA MOVILES', 'NO ES UN PROYECTO DE DESARROLLO ENFOCADO EN DISPOSITIVOS MOVILES', 5),
(14, 'SI ES IMPORTANTE  LA DOCUMENTACION', 'NO ES IMPORTANTE LA GENERACION DE DOCUMENTACION PARA LAS METRICAS DE EVALUACION', 7),
(15, 'NO ES IMPORTANTE LA DOCUMENTACION', 'NO ES IMPORTANTE LA GENERACION DE DOCUMENTACION PARA LAS METRICAS DE EVALUACION', 7),
(16, 'SI INVOLUCRA LA PARTE TECNICA', 'SI SE TOMA EN CUENTA LAS PRACTICAS TECNICAS', 8),
(17, 'NO INVOLUCRA LA PARTE TECNICA', 'SI SE TOMA EN CUENTA LAS PRACTICAS TECNICAS', 8),
(18, 'SI ES IMPORTANTE LA ADMINISTRACION', 'SI ES IMPORTANTE LA ADMINISTRACION DEL PROYECTO DE SOFTWARE', 9),
(19, 'NO ES IMPORTANTE LA ADMINISTRACION', 'NO ES IMPORTANTE LA ADMINISTRACION DEL PROYECTO DE SOFTWARE', 9),
(27, 'SI ES IMPORTANTE LA INTEFAZ', 'SI ES IMPORTANTE LA INTERFAZ DE USUARIO EN LA METODOLOGIA', 14),
(28, 'NO ES IMPORTANTE LA INTERFAZ', 'SI ES IMPORTANTE LA INTERFAZ DE USUARIO EN LA METODOLOGIA', 14),
(29, 'INDIVIDUAL', 'DESARROLLO INDIVIDUAL DEL PROYECTO DE SOFTWARE', 13),
(30, 'UN EQUIPO', 'DESARROLLO POR UN SOLO EQUIPO DEL PROYECTO DE SOFTWARE', 13),
(31, 'MULTI-EQUIPO', 'DESARROLLO MULTI-EQUIPO DEL PROYECTO DE SOFTWARE', 13),
(32, 'NEGOCIOS', 'DESARROLLO DE PROYECTO DE SOFTWARE DE NEGOCIO', 13),
(33, 'EMPRESARIALES', 'DESARROLLO DE PROYECTO DE SOFTWARE DE EMPRESARIAL', 13),
(34, 'ANALISIS', 'ANALISIS DE LOS ALCANCES, LIMITACIONES Y CARACTERISTICAS TECNICAS', 15),
(35, 'REQUERIMIENTOS', 'REQUERIMIENTOS FUNCIONALES Y NO FUNCIONALES DEL PROYECTO DE SOFTWARE', 15),
(36, 'DISEÑO', 'DISEÑO DE LA ARQUITECTURA DEL PROYECTO DE SOFTWARE', 15),
(37, 'DESARROLLO', 'DESARROLLO Y/O CODIFICACION Y TESTEO DEL PROYECTO DE SOFTWARE', 15),
(38, 'MANTENIMIENTO', 'MANTENIMIENTO DEL PROYECTO DE SOFTWARE ', 15);

-- --------------------------------------------------------

--
-- Table structure for table `metodologias`
--

CREATE TABLE `metodologias` (
  `idmetodologia` int(11) NOT NULL,
  `nombre` varchar(255) NOT NULL,
  `descripcion` varchar(255) NOT NULL,
  `url` varchar(255) NOT NULL,
  `idtipo` int(11) NOT NULL
) ENGINE=InnoDB DEFAULT CHARSET=utf8;

--
-- Dumping data for table `metodologias`
--

INSERT INTO `metodologias` (`idmetodologia`, `nombre`, `descripcion`, `url`, `idtipo`) VALUES
(1, 'RUP', 'RATIONAL UNIFIED PROCESS', 'RUP.COM', 1),
(2, 'MSF', 'MICROSOFT SOLUTION FRAMEWORK', 'MSF.COM', 1),
(3, 'TSP', 'TEAM SOFTWARE PROCESS', 'TSP.COM', 1),
(4, 'ICONIX', 'ICONIX', 'ICONIX.COM', 1),
(5, 'OUP', 'OPEN UNIFIED PROCESS', 'OUP.COM', 1),
(6, 'PSP', 'PERSONAL SOFTWARE PROCESS', 'PSP.COM', 1),
(7, 'CMMI', 'CAPABILITY MATURITY MODEL INTEGRATION', 'CMMI.COM', 1),
(8, 'ASD', 'ADAPTIVE SOFTWARE DEVELOPMENT', 'ASD.COM', 2),
(9, 'SCRUM', 'SCRUM', 'SCRUM.COM', 2),
(10, 'LEAN SW', 'LEAN SOFTWARE DEVELOPMENT', 'LEANSW.COM', 2),
(11, 'CRYSTAL', 'CRYSTAL', 'CRYSTAL.COM', 2),
(12, 'XP', 'XTREME PROGRAMMING', 'XP.COM', 2),
(13, 'FDD', 'FEATURE DRIVEN DEVELOPMENT', 'FDD.COM', 2),
(14, 'DSDM', 'DYNAMIC SYSTEM DEVELOPMENT METHOD', 'DSDM.COM', 2),
(15, 'MOBILE D', 'MOBILE D', 'MOBILED.COM', 4),
(16, 'MADAMDM', 'METODOLOGIA AGIL PARA EL DISEÑO DE APLICACIONES MULTIMEDIA DE DISPOSITIVOS MOVILES', 'MADAMDM.COM', 4),
(17, 'OMT', 'OBJECT MODEL TECHNIQUE', 'OMT.COM', 3),
(18, 'OOSE', 'OBJECT ORIENTED SOFTWARE ENGINEERING', 'OOSE.COM', 3),
(19, 'RO', 'RATIONAL OBJECTORY', 'RO.COM', 3),
(20, 'BOOCH', 'BOOCH METHOD', 'BOOCH.COM', 3),
(21, 'CLEANROOM', 'CLEANROOM', 'CLEANROOM.COM', 5);

-- --------------------------------------------------------

--
-- Table structure for table `metodologias_criterios`
--

CREATE TABLE `metodologias_criterios` (
  `idmetodologia` int(11) NOT NULL,
  `idcriterio` int(11) NOT NULL
) ENGINE=InnoDB DEFAULT CHARSET=utf8;

--
-- Dumping data for table `metodologias_criterios`
--

INSERT INTO `metodologias_criterios` (`idmetodologia`, `idcriterio`) VALUES
(1, 1),
(1, 3),
(1, 6),
(1, 14),
(1, 16),
(1, 18),
(1, 30),
(1, 31),
(1, 32),
(1, 28),
(1, 34),
(1, 35),
(1, 36),
(1, 37),
(1, 38),
(2, 1),
(2, 3),
(2, 6),
(2, 8),
(2, 7),
(2, 12),
(2, 11),
(2, 10),
(2, 14),
(2, 16),
(2, 18),
(2, 30),
(2, 31),
(2, 32),
(2, 28),
(2, 34),
(2, 35),
(2, 36),
(2, 37),
(2, 38),
(1, 8),
(1, 7),
(1, 11),
(1, 12),
(1, 10),
(3, 1),
(3, 3),
(3, 6),
(3, 8),
(3, 7),
(3, 11),
(3, 12),
(3, 10),
(3, 14),
(3, 16),
(3, 18),
(3, 29),
(3, 30),
(3, 31),
(3, 32),
(3, 27),
(3, 35),
(3, 36),
(3, 37),
(3, 38),
(4, 1),
(4, 6),
(4, 7),
(4, 8),
(4, 11),
(4, 12),
(4, 10),
(4, 4),
(4, 14),
(4, 16),
(4, 18),
(4, 27),
(4, 32),
(4, 31),
(4, 30),
(4, 29),
(4, 37),
(4, 36),
(4, 35),
(4, 34),
(5, 1),
(5, 3),
(5, 6),
(5, 7),
(5, 8),
(5, 11),
(5, 12),
(5, 10),
(5, 14),
(5, 16),
(5, 18),
(5, 28),
(5, 34),
(5, 35),
(5, 36),
(5, 37),
(5, 38),
(5, 32),
(5, 31),
(5, 30),
(6, 1),
(6, 4),
(6, 6),
(6, 7),
(6, 8),
(6, 11),
(6, 12),
(6, 10),
(6, 14),
(6, 16),
(6, 18),
(6, 28),
(6, 29),
(6, 36),
(6, 37),
(7, 1),
(7, 3),
(7, 6),
(7, 7),
(7, 8),
(7, 11),
(7, 12),
(7, 10),
(7, 14),
(7, 16),
(7, 18),
(7, 30),
(7, 31),
(7, 32),
(7, 33),
(7, 27),
(7, 34),
(7, 35),
(7, 36),
(7, 37),
(7, 38),
(8, 2),
(8, 3),
(8, 5),
(8, 8),
(8, 7),
(8, 11),
(8, 12),
(8, 9),
(8, 15),
(8, 17),
(8, 18),
(8, 27),
(8, 33),
(8, 32),
(8, 31),
(8, 30),
(8, 34),
(8, 35),
(8, 36),
(8, 37),
(8, 38),
(9, 2),
(9, 3),
(9, 5),
(9, 7),
(9, 8),
(9, 11),
(9, 12),
(9, 9),
(9, 15),
(9, 17),
(9, 18),
(9, 27),
(9, 29),
(9, 30),
(9, 31),
(9, 32),
(9, 34),
(9, 35),
(9, 36),
(9, 37),
(9, 38),
(10, 2),
(10, 3),
(10, 5),
(10, 7),
(10, 8),
(10, 11),
(10, 12),
(10, 9),
(10, 15),
(10, 17),
(10, 18),
(10, 27),
(10, 31),
(10, 32),
(10, 33),
(10, 34),
(10, 35),
(10, 36),
(10, 38),
(11, 2),
(11, 3),
(11, 5),
(11, 7),
(11, 8),
(11, 11),
(11, 12),
(11, 9),
(11, 14),
(11, 16),
(11, 18),
(11, 27),
(11, 32),
(11, 31),
(11, 30),
(11, 29),
(11, 34),
(11, 35),
(11, 36),
(11, 37),
(11, 38),
(12, 35),
(12, 36),
(12, 37),
(12, 38),
(12, 33),
(12, 32),
(12, 30),
(12, 27),
(12, 18),
(12, 16),
(12, 14),
(12, 9),
(12, 12),
(12, 11),
(12, 8),
(12, 7),
(12, 5),
(12, 3),
(12, 2),
(13, 2),
(13, 4),
(13, 5),
(13, 7),
(13, 8),
(13, 11),
(13, 12),
(13, 9),
(13, 14),
(13, 16),
(13, 18),
(13, 27),
(13, 32),
(13, 31),
(13, 30),
(13, 29),
(13, 36),
(13, 37),
(13, 38),
(14, 2),
(14, 3),
(14, 5),
(14, 7),
(14, 8),
(14, 11),
(14, 12),
(14, 9),
(14, 14),
(14, 16),
(14, 18),
(14, 29),
(14, 30),
(14, 31),
(14, 32),
(14, 33),
(14, 27),
(14, 34),
(14, 35),
(14, 36),
(14, 37),
(14, 38),
(15, 4),
(15, 5),
(15, 7),
(15, 8),
(15, 11),
(15, 14),
(15, 17),
(15, 18),
(15, 27),
(15, 29),
(15, 30),
(15, 31),
(15, 34),
(15, 35),
(15, 36),
(15, 37),
(15, 38),
(16, 4),
(16, 15),
(16, 5),
(16, 7),
(16, 8),
(16, 11),
(16, 16),
(16, 18),
(16, 27),
(16, 35),
(16, 36),
(16, 37),
(16, 29),
(16, 30),
(17, 16),
(17, 14),
(17, 4),
(17, 5),
(17, 7),
(17, 11),
(17, 12),
(17, 19),
(17, 28),
(17, 34),
(17, 35),
(17, 36),
(17, 37),
(17, 30),
(17, 31),
(18, 4),
(18, 28),
(18, 5),
(18, 7),
(18, 11),
(18, 12),
(18, 14),
(18, 16),
(18, 18),
(18, 34),
(18, 35),
(18, 36),
(18, 37),
(18, 38),
(18, 30),
(18, 31),
(19, 17),
(19, 28),
(19, 14),
(19, 18),
(19, 3),
(19, 34),
(19, 35),
(19, 36),
(19, 37),
(19, 38),
(19, 5),
(19, 7),
(19, 11),
(19, 12),
(19, 29),
(19, 30),
(19, 31),
(20, 4),
(20, 28),
(20, 18),
(20, 16),
(20, 14),
(20, 5),
(20, 7),
(20, 11),
(20, 12),
(20, 29),
(20, 30),
(20, 31),
(20, 32),
(20, 34),
(20, 35),
(20, 36),
(20, 37),
(20, 38),
(21, 4),
(21, 14),
(21, 16),
(21, 18),
(21, 27),
(21, 7),
(21, 8),
(21, 11),
(21, 12),
(21, 35),
(21, 36),
(21, 37),
(21, 38),
(21, 29),
(21, 30),
(21, 31);

-- --------------------------------------------------------

--
-- Table structure for table `tipos`
--

CREATE TABLE `tipos` (
  `idtipo` int(11) NOT NULL,
  `nombre` varchar(255) NOT NULL,
  `descripcion` varchar(255) NOT NULL
) ENGINE=InnoDB DEFAULT CHARSET=utf8;

--
-- Dumping data for table `tipos`
--

INSERT INTO `tipos` (`idtipo`, `nombre`, `descripcion`) VALUES
(1, 'TRADICIONALES', 'METODOLOGIAS TRADICIONALES'),
(2, 'AGILES', 'METODOLOGIAS AGILES'),
(3, 'OBJETOS', 'METODOLOGIAS ORIENTADAS A OBJETOS'),
(4, 'MOVILES', 'METODOLOGIAS ORIENTADAS A MOVILES'),
(5, 'FORMALES', 'METODOLOGIAS ORIENTADAS A METODOS FORMALES');

--
-- Indexes for dumped tables
--

--
-- Indexes for table `categorias`
--
ALTER TABLE `categorias`
  ADD PRIMARY KEY (`idcategoria`);

--
-- Indexes for table `criterios`
--
ALTER TABLE `criterios`
  ADD PRIMARY KEY (`idcriterio`),
  ADD KEY `fk_criterios_categorias1_idx` (`idcategoria`);

--
-- Indexes for table `metodologias`
--
ALTER TABLE `metodologias`
  ADD PRIMARY KEY (`idmetodologia`),
  ADD KEY `fk_metodologias_tipo1_idx` (`idtipo`);

--
-- Indexes for table `metodologias_criterios`
--
ALTER TABLE `metodologias_criterios`
  ADD KEY `fk_metodologias_criterios_metodologias_idx` (`idmetodologia`),
  ADD KEY `fk_metodologias_criterios_criterios1_idx` (`idcriterio`);

--
-- Indexes for table `tipos`
--
ALTER TABLE `tipos`
  ADD PRIMARY KEY (`idtipo`);

--
-- AUTO_INCREMENT for dumped tables
--

--
-- AUTO_INCREMENT for table `categorias`
--
ALTER TABLE `categorias`
  MODIFY `idcategoria` int(11) NOT NULL AUTO_INCREMENT, AUTO_INCREMENT=16;
--
-- AUTO_INCREMENT for table `criterios`
--
ALTER TABLE `criterios`
  MODIFY `idcriterio` int(11) NOT NULL AUTO_INCREMENT, AUTO_INCREMENT=39;
--
-- AUTO_INCREMENT for table `metodologias`
--
ALTER TABLE `metodologias`
  MODIFY `idmetodologia` int(11) NOT NULL AUTO_INCREMENT, AUTO_INCREMENT=22;
--
-- AUTO_INCREMENT for table `tipos`
--
ALTER TABLE `tipos`
  MODIFY `idtipo` int(11) NOT NULL AUTO_INCREMENT, AUTO_INCREMENT=6;
--
-- Constraints for dumped tables
--

--
-- Constraints for table `criterios`
--
ALTER TABLE `criterios`
  ADD CONSTRAINT `fk_criterios_categorias1` FOREIGN KEY (`idcategoria`) REFERENCES `categorias` (`idcategoria`) ON DELETE NO ACTION ON UPDATE NO ACTION;

--
-- Constraints for table `metodologias`
--
ALTER TABLE `metodologias`
  ADD CONSTRAINT `fk_metodologias_tipo1` FOREIGN KEY (`idtipo`) REFERENCES `tipos` (`idtipo`) ON DELETE NO ACTION ON UPDATE NO ACTION;

--
-- Constraints for table `metodologias_criterios`
--
ALTER TABLE `metodologias_criterios`
  ADD CONSTRAINT `fk_metodologias_criterios_criterios1` FOREIGN KEY (`idcriterio`) REFERENCES `criterios` (`idcriterio`) ON DELETE NO ACTION ON UPDATE NO ACTION,
  ADD CONSTRAINT `fk_metodologias_criterios_metodologias` FOREIGN KEY (`idmetodologia`) REFERENCES `metodologias` (`idmetodologia`) ON DELETE NO ACTION ON UPDATE NO ACTION;

/*!40101 SET CHARACTER_SET_CLIENT=@OLD_CHARACTER_SET_CLIENT */;
/*!40101 SET CHARACTER_SET_RESULTS=@OLD_CHARACTER_SET_RESULTS */;
/*!40101 SET COLLATION_CONNECTION=@OLD_COLLATION_CONNECTION */;
